data;horario;n_da_ocorrencia;tipo_de_ocorrencia;km;trecho;sentido;tipo_de_acidente;automovel;bicicleta;caminhao;moto;onibus;outros;tracao_animal;transporte_de_cargas_especiais;trator_maquinas;utilitarios;ilesos;levemente_feridos;moderadamente_feridos;gravemente_feridos;mortos
"12/10/2024";"05:06:58";"26";"Com vítima";"764,300";"BR-40/MG";"Crescente";"Colisão frontal";2;0;0;0;0;0;0;0;0;0;0;2;0;0;0
"12/10/2024";"05:27:23";"27";"Sem vítima";"728,100";"BR-40/MG";"Crescente";"Choque";1;0;0;0;0;0;0;0;0;0;1;0;0;0;0
"12/10/2024";"07:20:48";"37";"Com vítima";"735,130";"BR-40/MG";"Crescente";"Tombamento";0;0;1;0;0;0;0;0;0;0;0;1;0;0;0
"12/10/2024";"10:34:36";"49";"Sem vítima";"736,700";"BR-40/MG";"Crescente";"Colisão traseira";2;0;0;0;0;0;0;0;0;0;2;0;0;0;0
"12/10/2024";"10:43:49";"51";"Sem vítima";"709,350";"BR-40/MG";"Crescente";"Capotamento";1;0;0;0;0;0;0;0;0;0;1;0;0;0;0
"12/10/2024";"10:30:39";"5";"Com vítima";"628,462";"BR-40/MG";"Decrescente";"Colisão traseira";1;0;0;1;0;0;0;0;0;0;0;0;2;0;0
"13/10/2024";"12:25:38";"57";"Sem vítima";"715,910";"BR-40/MG";"Decrescente";"Queda de moto";0;0;0;1;0;0;0;0;0;0;1;0;0;0;0
"13/10/2024";"01:03:14";"60";"Sem vítima";"552,279";"BR-40/MG";"Decrescente";"Colisão traseira";2;0;0;0;0;0;0;0;0;0;2;0;0;0;0
"13/10/2024";"09:29:02";"3";"Com vítima";"544,159";"BR-40/MG";"Decrescente";"Choque";0;0;0;1;0;0;0;0;0;0;0;0;1;0;0
"14/10/2024";"08:09:11";"57";"Sem vítima";"548,200";"BR-40/MG";"Crescente";"Colisão traseira";1;0;1;0;0;0;0;0;0;0;2;0;0;0;0
"14/10/2024";"08:23:11";"58";"Com vítima";"625,300";"BR-40/MG";"Crescente";"Colisão lateral no mesmo sentido";1;0;0;1;0;0;0;0;0;0;1;1;0;0;0
"14/10/2024";"10:30:22";"67";"Sem vítima";"549,320";"BR-40/MG";"Crescente";"Colisão traseira";3;0;0;0;0;0;0;0;0;0;3;0;0;0;0
"15/10/2024";"03:50:19";"11";"Sem vítima";"612,200";"BR-40/MG";"Decrescente";"Colisão traseira";2;0;0;0;0;0;0;0;0;0;1;0;0;0;0
"15/10/2024";"11:33:46";"59";"Com vítima";"765,800";"BR-40/MG";"Crescente";"Colisão frontal";1;0;1;0;0;0;0;0;0;0;0;1;3;0;0
"15/10/2024";"02:23:28";"71";"Sem vítima";"545,200";"BR-40/MG";"Decrescente";"Engavetamento";4;0;0;0;0;0;0;0;0;0;3;0;0;0;0
"16/10/2024";"12:04:03";"5";"Sem vítima";"581,540";"BR-40/MG";"Decrescente";"Colisão traseira";1;0;1;0;0;0;0;0;0;0;2;0;0;0;0
"16/10/2024";"08:51:33";"53";"Com vítima";"564,600";"BR-40/MG";"Decrescente";"Colisão frontal";1;0;0;0;1;0;0;0;0;1;2;1;0;0;1
"16/10/2024";"01:09:42";"65";"Sem vítima";"600,723";"BR-40/MG";"Crescente";"Colisão traseira";0;0;3;0;0;0;0;0;0;0;3;0;0;0;0
"16/10/2024";"04:14:14";"87";"Sem vítima";"544,000";"BR-40/MG";"Decrescente";"Engavetamento";2;0;0;0;0;0;0;0;0;0;2;0;0;0;0
"17/10/2024";"03:52:44";"17";"Sem vítima";"617,150";"BR-40/MG";"Decrescente";"Colisão lateral no mesmo sentido";1;0;1;0;0;0;0;0;0;0;2;0;0;0;0
"17/10/2024";"05:15:06";"32";"Sem vítima";"551,200";"BR-40/MG";"Decrescente";"Colisão traseira";2;0;0;0;0;0;0;0;0;0;2;0;0;0;0
"17/10/2024";"05:35:06";"35";"Com vítima";"603,500";"BR-40/MG";"Crescente";"Colisão lateral no mesmo sentido";1;0;1;0;0;0;0;0;0;0;0;1;0;0;0
"17/10/2024";"10:59:56";"67";"Com vítima";"627,400";"BR-40/MG";"Crescente";"Colisão transversal";1;0;0;1;0;0;0;0;0;0;1;1;0;0;0
"18/10/2024";"05:38:15";"35";"Sem vítima";"544,500";"BR-40/MG";"Crescente";"Colisão traseira";1;0;1;0;0;0;0;0;0;0;2;0;0;0;0
"18/10/2024";"01:38:16";"86";"Com vítima";"594,200";"BR-40/MG";"Decrescente";"Colisão frontal";2;0;1;0;0;0;0;0;0;0;0;2;3;0;0
"18/10/2024";"02:01:49";"89";"Sem vítima";"730,640";"BR-40/MG";"Crescente";"Choque";1;0;0;0;0;0;0;0;0;0;1;0;0;0;0
"18/10/2024";"07:39:46";"122";"Sem vítima";"711,180";"BR-40/MG";"Crescente";"Choque";1;0;0;0;0;0;0;0;0;0;1;0;0;0;0
"19/10/2024";"01:45:41";"10";"Sem vítima";"764,270";"BR-40/MG";"Decrescente";"Choque";1;0;0;0;0;0;0;0;0;0;1;0;0;0;0
"19/10/2024";"02:23:29";"11";"Sem vítima";"582,200";"BR-40/MG";"Decrescente";"Saída de pista";1;0;1;0;0;0;0;0;0;0;2;0;0;0;0
"19/10/2024";"03:41:12";"13";"Com vítima";"641,800";"BR-40/MG";"Decrescente";"Atropelamento de pedestre";1;0;0;0;0;0;0;0;0;0;1;0;1;0;0
"19/10/2024";"04:37:23";"18";"Com vítima";"618,200";"BR-40/MG";"Crescente";"Colisão traseira";2;0;0;0;0;0;0;0;0;0;2;1;0;0;0
"19/10/2024";"06:08:02";"22";"Sem vítima";"731,250";"BR-40/MG";"Crescente";"Choque";1;0;0;0;0;0;0;0;0;0;1;0;0;0;0
"19/10/2024";"08:59:40";"38";"Com vítima";"550,800";"BR-40/MG";"Crescente";"Saída de pista";1;0;0;0;0;0;0;0;0;0;0;0;1;0;0
"19/10/2024";"09:02:01";"40";"Sem vítima";"552,500";"BR-40/MG";"Crescente";"Colisão lateral no mesmo sentido";1;0;0;0;0;0;0;0;0;0;1;0;0;0;0
"19/10/2024";"09:28:44";"41";"Com vítima";"605,600";"BR-40/MG";"Crescente";"Colisão transversal";1;0;2;0;0;0;0;0;0;0;3;1;0;0;0
"19/10/2024";"11:25:24";"49";"Sem vítima";"716,990";"BR-40/MG";"Decrescente";"Choque";1;0;0;0;0;0;0;0;0;0;1;0;0;0;0
"19/10/2024";"11:40:16";"50";"Com vítima";"716,460";"BR-40/MG";"Decrescente";"Choque";1;0;0;0;0;0;0;0;0;0;0;1;0;0;0
"19/10/2024";"01:12:37";"54";"Com vítima";"544,100";"BR-40/MG";"Decrescente";"Colisão traseira";1;0;0;0;0;0;0;0;0;0;0;0;0;1;0
"19/10/2024";"01:34:34";"57";"Sem vítima";"552,790";"BR-40/MG";"Crescente";"Saída de pista";1;0;0;0;0;0;0;0;0;0;1;0;0;0;0
"19/10/2024";"04:02:19";"62";"Sem vítima";"709,470";"BR-40/MG";"Crescente";"Colisão traseira";1;0;0;0;0;0;0;0;0;0;1;0;0;0;0
"19/10/2024";"04:14:07";"63";"Sem vítima";"642,650";"BR-40/MG";"Decrescente";"Colisão traseira";1;0;0;0;0;0;0;0;0;0;1;0;0;0;0
"19/10/2024";"04:16:48";"64";"Com vítima";"569,659";"BR-40/MG";"Decrescente";"Colisão frontal";1;0;0;1;0;0;0;0;0;0;1;0;1;0;0
"19/10/2024";"05:46:30";"72";"Com vítima";"549,210";"BR-40/MG";"Decrescente";"Queda de moto";0;0;0;1;0;0;0;0;0;0;0;0;1;0;0
"19/10/2024";"08:03:58";"80";"Com vítima";"609,200";"BR-40/MG";"Decrescente";"Queda de moto";1;0;0;0;0;0;0;0;0;0;0;0;1;0;0
"19/10/2024";"08:18:06";"81";"Sem vítima";"564,800";"BR-40/MG";"Decrescente";"Choque";1;0;0;0;0;0;0;0;0;0;1;0;0;0;0
"19/10/2024";"08:39:46";"82";"Sem vítima";"688,890";"BR-40/MG";"Crescente";"Saída de pista";1;0;0;0;0;0;0;0;0;0;1;0;0;0;0
"19/10/2024";"11:26:41";"8";"Sem vítima";"747,000";"BR-40/MG";"Decrescente";"Capotamento";1;0;0;0;0;0;0;0;0;0;1;0;0;0;0
"20/10/2024";"07:29:21";"45";"Sem vítima";"741,100";"BR-40/MG";"Crescente";"Colisão lateral no mesmo sentido";1;0;0;0;0;0;0;0;0;0;1;0;0;0;0
"20/10/2024";"07:40:40";"48";"Com vítima";"666,850";"BR-40/MG";"Decrescente";"Colisão transversal";1;0;0;0;0;1;0;0;0;0;1;1;0;0;0
"20/10/2024";"08:09:54";"53";"Sem vítima";"734,960";"BR-40/MG";"Decrescente";"Saída de pista";1;0;0;0;0;0;0;0;0;0;1;0;0;0;0
"20/10/2024";"08:19:06";"54";"Sem vítima";"749,860";"BR-40/MG";"Decrescente";"Saída de pista";1;0;0;0;0;0;0;0;0;0;1;0;0;0;0
"20/10/2024";"09:06:40";"59";"Com vítima";"666,920";"BR-40/MG";"Crescente";"Choque";0;0;1;0;0;0;0;0;0;0;1;0;4;0;0
"20/10/2024";"10:10:11";"65";"Com vítima";"654,700";"BR-40/MG";"Decrescente";"Choque";1;0;0;0;0;0;0;0;0;0;1;0;1;0;0
"20/10/2024";"11:58:52";"73";"Sem vítima";"719,100";"BR-40/MG";"Decrescente";"Capotamento";1;0;0;0;0;0;0;0;0;0;1;0;0;0;0
"20/10/2024";"12:54:43";"76";"Sem vítima";"770,300";"BR-40/MG";"Crescente";"Choque";1;0;0;0;0;0;0;0;0;0;1;0;0;0;0
"20/10/2024";"01:07:19";"77";"Sem vítima";"695,250";"BR-40/MG";"Decrescente";"Saída de pista";1;0;0;0;0;0;0;0;0;0;1;0;0;0;0
"20/10/2024";"01:55:21";"79";"Sem vítima";"695,330";"BR-40/MG";"Decrescente";"Colisão lateral no mesmo sentido";2;0;0;0;0;0;0;0;0;0;1;0;0;0;0
"20/10/2024";"04:12:47";"95";"Com vítima";"669,000";"BR-40/MG";"Decrescente";"Capotamento";1;0;0;0;0;0;0;0;0;0;0;0;1;0;0
"20/10/2024";"04:53:52";"103";"Com vítima";"608,200";"BR-40/MG";"Decrescente";"Colisão traseira";2;0;0;0;0;0;0;0;0;0;0;0;2;0;0
"21/10/2024";"02:49:07";"10";"Com vítima";"741,200";"BR-40/MG";"Decrescente";"Capotamento";1;0;0;0;0;0;0;0;0;0;0;1;0;0;0
"21/10/2024";"04:31:16";"13";"Sem vítima";"726,500";"BR-40/MG";"Crescente";"Choque";1;0;0;0;0;0;0;0;0;0;1;0;0;0;0
"21/10/2024";"06:39:43";"35";"Sem vítima";"732,260";"BR-40/MG";"Crescente";"Choque";1;0;0;0;0;0;0;0;0;0;1;0;0;0;0
"21/10/2024";"07:12:20";"42";"Sem vítima";"708,200";"BR-40/MG";"Decrescente";"Choque";1;0;0;0;0;0;0;0;0;0;1;0;0;0;0
"21/10/2024";"07:19:58";"43";"Com vítima";"755,100";"BR-40/MG";"Decrescente";"Colisão traseira";1;0;1;0;0;0;0;0;0;0;1;1;0;0;0
"21/10/2024";"07:33:56";"48";"Sem vítima";"730,500";"BR-40/MG";"Decrescente";"Choque";1;0;0;0;0;0;0;0;0;0;1;0;0;0;0
"21/10/2024";"07:36:36";"50";"Sem vítima";"755,100";"BR-40/MG";"Crescente";"Choque";0;0;1;0;0;0;0;0;0;0;1;0;0;0;0
"21/10/2024";"10:07:29";"62";"Sem vítima";"731,500";"BR-40/MG";"Decrescente";"Choque";1;0;0;0;0;0;0;0;0;0;1;0;0;0;0
"21/10/2024";"12:29:16";"75";"Sem vítima";"665,300";"BR-40/MG";"Crescente";"Colisão transversal";2;0;0;0;0;0;0;0;0;0;2;0;0;0;0
"21/10/2024";"06:12:47";"102";"Com vítima";"769,800";"BR-40/MG";"Decrescente";"Tombamento";0;0;0;1;0;0;0;0;0;0;0;0;1;0;0
"22/10/2024";"12:26:18";"5";"Com vítima";"582,050";"BR-40/MG";"Decrescente";"Saída de pista";2;0;0;0;0;0;0;0;0;0;0;3;0;0;0
"22/10/2024";"02:48:02";"6";"Sem vítima";"708,300";"BR-40/MG";"Decrescente";"Choque";2;0;0;0;0;0;0;0;0;0;2;0;0;0;0
"23/10/2024";"01:40:31";"94";"Sem vítima";"614,940";"BR-40/MG";"Decrescente";"Engavetamento";1;0;2;0;0;0;0;0;0;0;3;0;0;0;0
"24/10/2024";"07:30:51";"47";"Sem vítima";"695,740";"BR-40/MG";"Decrescente";"Colisão traseira";2;0;0;0;0;0;0;0;0;0;2;0;0;0;0
"24/10/2024";"12:24:58";"66";"Sem vítima";"739,900";"BR-40/MG";"Crescente";"Choque";1;0;0;0;0;0;0;0;0;0;1;0;0;0;0
"24/10/2024";"09:21:24";"1";"Com vítima";"628,462";"BR-40/MG";"Decrescente";"Colisão lateral no mesmo sentido";1;0;0;1;0;0;0;0;0;0;1;1;0;0;0
"25/10/2024";"04:41:58";"28";"Sem vítima";"621,000";"BR-40/MG";"Decrescente";"Colisão traseira";2;0;0;0;0;0;0;0;0;0;2;0;0;0;0
"25/10/2024";"07:18:35";"52";"Sem vítima";"730,800";"BR-40/MG";"Decrescente";"Choque";0;0;0;0;0;0;0;0;0;1;1;0;0;0;0
"25/10/2024";"09:50:03";"59";"Sem vítima";"772,500";"BR-40/MG";"Crescente";"Saída de pista";1;0;0;0;0;0;0;0;0;0;1;0;0;0;0
"25/10/2024";"10:43:42";"66";"Com vítima";"564,150";"BR-40/MG";"Decrescente";"Colisão traseira";2;0;0;0;0;0;0;0;0;0;1;0;3;0;0
"25/10/2024";"01:17:19";"74";"Sem vítima";"554,929";"BR-40/MG";"Decrescente";"Queda de moto";0;0;0;1;0;0;0;0;0;0;1;0;0;0;0
"25/10/2024";"08:14:06";"110";"Sem vítima";"748,250";"BR-40/MG";"Crescente";"Queda de moto";0;0;0;1;0;0;0;0;0;0;1;0;0;0;0
"26/10/2024";"05:27:01";"21";"Com vítima";"574,300";"BR-40/MG";"Crescente";"Choque";1;0;0;0;0;0;0;0;0;0;1;0;0;0;1
"26/10/2024";"06:37:20";"29";"Sem vítima";"658,300";"BR-40/MG";"Crescente";"Colisão lateral no mesmo sentido";2;0;0;0;0;0;0;0;0;0;2;0;0;0;0
"26/10/2024";"11:42:04";"56";"Sem vítima";"570,000";"BR-40/MG";"Decrescente";"Colisão traseira";2;0;0;0;0;0;0;0;0;0;2;0;0;0;0
"26/10/2024";"01:28:10";"70";"Sem vítima";"586,900";"BR-40/MG";"Crescente";"Choque";1;0;0;0;0;0;0;0;0;0;1;0;0;0;0
"26/10/2024";"01:58:42";"75";"Com vítima";"739,500";"BR-40/MG";"Crescente";"Queda de moto";0;0;0;1;0;0;0;0;0;0;0;1;0;0;0
"27/10/2024";"06:50:26";"33";"Sem vítima";"686,300";"BR-40/MG";"Decrescente";"Saída de pista";1;0;0;0;0;0;0;0;0;0;1;0;0;0;0
"27/10/2024";"01:20:09";"54";"Com vítima";"643,200";"BR-40/MG";"Crescente";"Colisão frontal";2;0;0;0;0;0;0;0;0;0;1;1;2;0;0
"27/10/2024";"02:16:55";"58";"Sem vítima";"594,300";"BR-40/MG";"Decrescente";"Saída de pista";1;0;0;0;0;0;0;0;0;0;1;0;0;0;0
"27/10/2024";"04:57:22";"73";"Com vítima";"707,550";"BR-40/MG";"Crescente";"Colisão traseira";0;0;1;1;0;0;0;0;0;0;1;0;1;0;0
"28/10/2024";"02:45:06";"7";"Sem vítima";"618,600";"BR-40/MG";"Decrescente";"Colisão traseira";2;0;0;0;0;0;0;0;0;0;2;0;0;0;0
"28/10/2024";"05:35:52";"24";"Sem vítima";"654,450";"BR-40/MG";"Decrescente";"Choque";1;0;0;0;0;0;0;0;0;0;1;0;0;0;0
"28/10/2024";"05:49:38";"26";"Sem vítima";"716,035";"BR-40/MG";"Decrescente";"Choque";1;0;0;0;0;0;0;0;0;0;1;0;0;0;0
"28/10/2024";"09:16:01";"44";"Sem vítima";"750,200";"BR-40/MG";"Decrescente";"Choque";1;0;0;0;0;0;0;0;0;0;1;0;0;0;0
"28/10/2024";"09:30:26";"45";"Sem vítima";"765,700";"BR-40/MG";"Crescente";"Saída de pista";1;0;0;0;0;0;0;0;0;0;1;0;0;0;0
"28/10/2024";"01:39:37";"66";"Com vítima";"716,040";"BR-40/MG";"Decrescente";"Choque";1;0;0;0;0;0;0;0;0;0;0;1;0;0;0
"28/10/2024";"04:25:57";"84";"Com vítima";"692,720";"BR-40/MG";"Decrescente";"Atropelamento de pedestre";0;0;0;0;0;0;0;0;0;1;1;0;0;0;1
"29/10/2024";"08:51:02";"39";"Sem vítima";"611,800";"BR-40/MG";"Decrescente";"Colisão traseira";1;0;1;0;0;0;0;0;0;0;2;0;0;0;0
"29/10/2024";"01:50:06";"54";"Com vítima";"607,600";"BR-40/MG";"Crescente";"Atropelamento de pedestre";0;0;1;0;0;0;0;0;0;0;1;1;0;0;0
"29/10/2024";"06:19:23";"71";"Sem vítima";"627,863";"BR-40/MG";"Crescente";"Colisão frontal";2;0;0;0;0;0;0;0;0;0;2;0;0;0;0
"30/10/2024";"06:29:57";"38";"Sem vítima";"602,450";"BR-40/MG";"Crescente";"Engavetamento";2;0;1;0;0;0;0;0;0;0;3;0;0;0;0
"30/10/2024";"08:48:32";"56";"Com vítima";"638,100";"BR-40/MG";"Decrescente";"Colisão transversal";2;0;0;0;0;0;0;0;0;0;0;2;2;0;0
"30/10/2024";"11:38:05";"71";"Com vítima";"641,500";"BR-40/MG";"Crescente";"Saída de pista";0;0;1;0;0;0;0;0;0;0;0;0;1;0;0
"30/10/2024";"02:11:49";"82";"Sem vítima";"543,960";"BR-40/MG";"Decrescente";"Engavetamento";2;0;0;0;0;0;0;0;0;0;2;0;0;0;0
"31/10/2024";"05:20:59";"39";"Sem vítima";"550,100";"BR-40/MG";"Crescente";"Colisão traseira";2;0;0;0;0;0;0;0;0;0;2;0;0;0;0
"31/10/2024";"04:13:38";"96";"Sem vítima";"599,000";"BR-40/MG";"Decrescente";"Saída de pista";1;0;0;0;0;0;0;0;0;0;1;0;0;0;0
"31/10/2024";"07:40:43";"118";"Sem vítima";"543,900";"BR-40/MG";"Crescente";"Capotamento";1;0;0;0;0;0;0;0;0;0;1;0;0;0;0
"31/10/2024";"07:50:32";"119";"Sem vítima";"622,650";"BR-40/MG";"Decrescente";"Atropelamento de animal";1;0;0;0;0;0;0;0;0;0;1;0;0;0;0
"01/11/2024";"02:30:45";"9";"Sem vítima";"737,200";"BR-40/MG";"Crescente";"Tombamento";0;0;1;0;0;0;0;0;0;0;0;0;0;0;0
"01/11/2024";"08:22:12";"52";"Com vítima";"734,940";"BR-40/MG";"Decrescente";"Colisão frontal";2;0;0;0;0;0;0;0;0;0;1;1;1;0;0
"01/11/2024";"02:37:07";"83";"Sem vítima";"559,900";"BR-40/MG";"Crescente";"Colisão traseira";1;0;0;0;0;0;0;0;0;0;1;0;0;0;0
"01/11/2024";"03:41:34";"87";"Sem vítima";"675,350";"BR-40/MG";"Crescente";"Tombamento";0;0;1;0;0;0;0;0;0;0;1;0;0;0;0
"01/11/2024";"03:54:51";"90";"Sem vítima";"609,900";"BR-40/MG";"Decrescente";"Colisão lateral no mesmo sentido";1;0;0;0;0;0;0;0;0;1;2;0;0;0;0
"01/11/2024";"07:15:06";"112";"Sem vítima";"672,860";"BR-40/MG";"Decrescente";"Colisão frontal";2;0;2;0;0;0;0;0;0;0;3;0;0;0;0
"02/11/2024";"03:38:41";"62";"Sem vítima";"543,800";"BR-40/MG";"Decrescente";"Colisão traseira";2;0;0;0;0;0;0;0;0;0;2;0;0;0;0
"03/11/2024";"06:23:37";"18";"Sem vítima";"706,000";"BR-40/MG";"Decrescente";"Saída de pista";1;0;0;0;0;0;0;0;0;0;1;0;0;0;0
"03/11/2024";"11:24:17";"34";"Sem vítima";"700,100";"BR-40/MG";"Crescente";"Saída de pista";1;0;0;0;0;0;0;0;0;0;1;0;0;0;0
"03/11/2024";"02:39:16";"44";"Sem vítima";"660,830";"BR-40/MG";"Decrescente";"Saída de pista";1;0;0;0;0;0;0;0;0;0;1;0;0;0;0
"03/11/2024";"03:53:19";"50";"Sem vítima";"604,600";"BR-40/MG";"Decrescente";"Choque";1;0;0;0;0;0;0;0;0;0;0;0;0;0;0
"03/11/2024";"04:26:11";"58";"Com vítima";"545,200";"BR-40/MG";"Decrescente";"Colisão traseira";2;0;0;0;0;0;0;0;0;0;0;3;0;0;0
"03/11/2024";"04:35:06";"59";"Com vítima";"546,300";"BR-40/MG";"Decrescente";"Engavetamento";6;0;1;0;0;0;0;0;0;0;5;1;0;0;0
"03/11/2024";"08:32:11";"71";"Com vítima";"611,250";"BR-40/MG";"Decrescente";"Choque";1;0;0;0;0;0;0;0;0;0;0;1;0;0;0
"04/11/2024";"01:00:40";"5";"Sem vítima";"705,480";"BR-40/MG";"Decrescente";"Capotamento";3;0;0;0;0;0;0;0;0;0;3;0;0;0;0
"04/11/2024";"03:53:38";"11";"Com vítima";"760,980";"BR-40/MG";"Crescente";"Saída de pista";1;0;0;0;0;0;0;0;0;0;0;1;0;0;0
"04/11/2024";"03:55:16";"12";"Sem vítima";"738,680";"BR-40/MG";"Crescente";"Saída de pista";2;0;0;0;0;0;0;0;0;0;2;0;0;0;0
"04/11/2024";"12:48:41";"60";"Sem vítima";"614,300";"BR-40/MG";"Crescente";"Engavetamento";4;0;1;0;0;0;0;0;0;0;5;0;0;0;0
"04/11/2024";"12:56:53";"63";"Sem vítima";"746,300";"BR-40/MG";"Crescente";"Saída de pista";1;0;0;0;0;0;0;0;0;0;1;0;0;0;0
"04/11/2024";"01:50:03";"67";"Sem vítima";"651,120";"BR-40/MG";"Decrescente";"Saída de pista";1;0;0;0;0;0;0;0;0;0;1;0;0;0;0
"04/11/2024";"02:37:21";"72";"Sem vítima";"760,530";"BR-40/MG";"Crescente";"Saída de pista";1;0;0;0;0;0;0;0;0;0;3;0;0;0;0
"04/11/2024";"05:01:29";"83";"Sem vítima";"746,500";"BR-40/MG";"Decrescente";"Choque";1;0;0;0;0;0;0;0;0;0;1;0;0;0;0
"04/11/2024";"05:14:10";"84";"Com vítima";"614,279";"BR-40/MG";"Crescente";"Colisão frontal";2;0;0;0;0;0;0;0;0;0;0;1;0;0;0
"04/11/2024";"05:39:18";"88";"Sem vítima";"699,640";"BR-40/MG";"Crescente";"Colisão transversal";2;0;0;0;0;0;0;0;0;0;2;0;0;0;0
"05/11/2024";"06:20:28";"23";"Sem vítima";"593,500";"BR-40/MG";"Crescente";"Queda de moto";0;0;0;1;0;0;0;0;0;0;1;0;0;0;0